# scorecard.csv: eight numbers, counted by hand, per team, each read next to a quality number. Kept by the way of working owner.
# Who fills it in: the person named in "Counts it" on each row, under 30 minutes a month each. No usage metrics, no individual rankings. Below about ten events, write the list or the count, not a rate.
# When: baseline M1, M2 and M5 on day 4, M6 from the bill on day 1; M4 once the severity scale exists, M3 once the weekly sample runs. Read monthly in 30 minutes and at day 30, 60 and 90, never weekly. The row starting EXAMPLE shows how to fill it in: delete it.
"Id","Area","Metric","How to count it by hand","Counts it","How often","Baseline","Month 1","Month 2","Month 3","Direction wanted"
"EXAMPLE: M2","Speed","Review wait, hours","The last ten merged changes, middle value","the rules owner","Monthly","30","26","22","20","Down"
"M1","Speed","Lead time, days, from ticket in progress to the change in customers' hands (no ticket states: first commit to release)","The last ten items shipped, middle value","Way of working owner","Monthly","","","","","Down, or flat while M3 to M5 improve"
"M2","Speed","Review wait, hours, from a change opened to its first review","The last ten merged changes, middle value","Rules owner","Monthly","","","","","Down"
"M3","Quality, experience","Edit rate: (changes asked + sent back) / items, from the weekly sample and the high lane","From edit-rate-tally.csv. Below about ten items a month, the count, for example 4 of 20. Never per person","Experience quality owner","Logged weekly, read monthly","starts with the sample","","","","Down, with M4 not rising"
"M4","Quality, experience","S1 and S2 defects a customer saw this month. Keep this one if you keep nothing else","The list of S1 and S2 issues from support tickets and the bug tracker. Below about ten, read the list","Experience quality owner","Monthly","starts with the severity scale","","","","Down"
"M5","Quality","Rework: changes reverted or redone within two weeks","Of the last twenty merged changes, how many were reverted or needed a follow up fix","Rules owner","Monthly","","","","","Down"
"M6","Cost","AI spend: total, per head, and tools on the inventory","From the bill and inventory.csv. Baseline from the bill on day 1, before any tool is cut","Tool owner","Monthly","","","","","Flat, or up only while M3 to M5 improve"
"M7","Cost","Fix path only: review hours per reviewer per week","Once a quarter, three reviewers write down their hours reviewing AI generated work for two weeks. Average","Way of working owner","Quarterly","first sample","","","","Stable, counted in planning"
"M8","Team","Pulse: the four questions averaged, and the count of people using a tool not on the inventory","Above about 40 people a monthly anonymous form; below, quarterly, one to one outside the reporting line. Questions: AI helps me do better work, not only faster; I can say AI output is not good enough without being seen as slow; I know what I may do with AI and which data; since the last pulse I used a tool not on the inventory (yes or no); one thing in your way","Practice champion","Monthly above 40, quarterly below","","","","","Up, hidden tool count not rising"
